{
 "siglip_frozen": {
  "panel": [
   "siglip_tuned",
   "siglip_tuned_v2",
   "qwen_lora",
   "qwen_zs",
   "gpt4o"
  ],
  "arms": {
   "broad": {
    "N": [
     1,
     2,
     4,
     8,
     16,
     32,
     64
    ],
    "proxy": [
     0.6130960007302884,
     0.6731983521844123,
     0.7110529136486189,
     0.7370754785175169,
     0.753844213998207,
     0.765380045807536,
     0.773691798391069
    ],
    "proxy_sd": [
     0.021214219033542325,
     0.015403555213303319,
     0.010510007576302004,
     0.006055909061107972,
     0.0037219825682224916,
     0.002232853277923155,
     0.0008767282261194719
    ],
    "gold": [
     -0.110537918730199,
     -0.07113404009851378,
     -0.046756610486603366,
     -0.033927979542160064,
     -0.0329547235422244,
     -0.05032618217271916,
     -0.06117852572524865
    ],
    "gold_sd": [
     0.06436957856759082,
     0.05809680396692898,
     0.0533197007493837,
     0.052622839622273244,
     0.050826864506544604,
     0.04222780093169086,
     0.02619131508974437
    ],
    "prompts": 40
   },
   "deep": {
    "N": [
     1,
     2,
     4,
     8,
     16,
     32,
     64,
     128,
     256,
     512
    ],
    "proxy": [
     0.669797670497535,
     0.7146538753383369,
     0.7428146277984565,
     0.7624934695438937,
     0.7750247099720841,
     0.7853410565851342,
     0.7931439287356773,
     0.8002846563182211,
     0.8066977536518116,
     0.8121310467866419
    ],
    "proxy_sd": [
     0.03403340436724313,
     0.020687565338061712,
     0.014774821381099838,
     0.00921330330777485,
     0.0068505043132552216,
     0.005490216340825943,
     0.004735826555324454,
     0.003610911951375844,
     0.0025351868819830153,
     2.220446049250313e-16
    ],
    "gold": [
     0.13270743713397,
     0.1389160482629038,
     0.17357629209799594,
     0.16763530684643277,
     0.1650569814781574,
     0.16544667767556856,
     0.13396989173592047,
     0.14746077163772497,
     0.12071760855435616,
     0.0940185586092972
    ],
    "gold_sd": [
     0.14530236747816686,
     0.1329470026852278,
     0.1338588285009119,
     0.13712330117509444,
     0.1270070504474385,
     0.12879803300759138,
     0.12336168705944625,
     0.12997362618680036,
     0.125844371902314,
     0.0
    ],
    "prompts": 8
   }
  }
 },
 "siglip_tuned": {
  "panel": [
   "siglip_frozen",
   "siglip_tuned_v2",
   "qwen_lora",
   "qwen_zs",
   "gpt4o"
  ],
  "arms": {
   "broad": {
    "N": [
     1,
     2,
     4,
     8,
     16,
     32,
     64
    ],
    "proxy": [
     0.45265012804015253,
     0.5383046350455736,
     0.6220806994027076,
     0.6960512182051669,
     0.7565081725020671,
     0.8127012752542254,
     0.8509582410710279
    ],
    "proxy_sd": [
     0.03660679233661217,
     0.03300070416039014,
     0.029339410251468162,
     0.023951717396630642,
     0.01896384613709538,
     0.014391555133339007,
     0.007388640348886067
    ],
    "gold": [
     -0.12245366152779597,
     -0.06179999001131913,
     -0.005408705586605151,
     0.05518806561670452,
     0.11450561315303437,
     0.1705510962532539,
     0.18100126870993546
    ],
    "gold_sd": [
     0.062299823699121126,
     0.06511350591645969,
     0.05709982666586637,
     0.05853181038971149,
     0.05217617359511897,
     0.041459458556935364,
     0.020469215326280685
    ],
    "prompts": 40
   },
   "deep": {
    "N": [
     1,
     2,
     4,
     8,
     16,
     32,
     64,
     128,
     256,
     512
    ],
    "proxy": [
     0.5601598247613542,
     0.6128197199573688,
     0.6500113946584128,
     0.6986282174056166,
     0.7428337051996453,
     0.7976859886062645,
     0.8490011481731856,
     0.88992121638904,
     0.9153716007019301,
     0.9311629895895195
    ],
    "proxy_sd": [
     0.06028622941285272,
     0.04437592970524599,
     0.04806682487939927,
     0.05706919357920091,
     0.05534192853994347,
     0.050818429540579656,
     0.03709568592115627,
     0.02328464684290145,
     0.012665730478665715,
     2.220446049250313e-16
    ],
    "gold": [
     0.14869726778178988,
     0.2297176953587099,
     0.3231722244922228,
     0.3830383980546019,
     0.44117208077035797,
     0.46187341643692,
     0.4803356879239315,
     0.46010507033984643,
     0.422222897990976,
     0.3530976549423295
    ],
    "gold_sd": [
     0.14934859215377633,
     0.13703547833895666,
     0.12451703018546981,
     0.11216178141191362,
     0.09624038440361476,
     0.108145369426413,
     0.10324621067730987,
     0.11225427847646663,
     0.10250036331275167,
     0.0
    ],
    "prompts": 8
   }
  }
 },
 "siglip_tuned_v2": {
  "panel": [
   "siglip_frozen",
   "siglip_tuned",
   "qwen_lora",
   "qwen_zs",
   "gpt4o"
  ],
  "arms": {
   "broad": {
    "N": [
     1,
     2,
     4,
     8,
     16,
     32,
     64
    ],
    "proxy": [
     0.35521214699729825,
     0.46977710972954534,
     0.5660671942011082,
     0.6475469398307113,
     0.716373079699317,
     0.7736504794795265,
     0.8182068297728089
    ],
    "proxy_sd": [
     0.035896055233979283,
     0.03545145704457305,
     0.027316597692571682,
     0.021060062979517187,
     0.01995530744540309,
     0.014421698667507444,
     0.006674812032257827
    ],
    "gold": [
     -0.13712842282943508,
     -0.08343578160145111,
     -0.02717030139343013,
     0.018221903646347216,
     0.05519430000841203,
     0.07532924612394552,
     0.10743754722459385
    ],
    "gold_sd": [
     0.06280904356363304,
     0.06211717944770037,
     0.05908092392346822,
     0.057234016625632246,
     0.050070344957921585,
     0.04381940937384094,
     0.017287317480864543
    ],
    "prompts": 40
   },
   "deep": {
    "N": [
     1,
     2,
     4,
     8,
     16,
     32,
     64,
     128,
     256,
     512
    ],
    "proxy": [
     0.4176159879729724,
     0.5218480247796456,
     0.6041171563416825,
     0.667062717707172,
     0.7300076385014864,
     0.7790264793122254,
     0.820249144540262,
     0.8552338986968429,
     0.8886524177190207,
     0.9056875229099816
    ],
    "proxy_sd": [
     0.08210881462323584,
     0.05983747331785454,
     0.04862217730120101,
     0.04371791158725954,
     0.04317505692773482,
     0.036290241239945356,
     0.031719174066975185,
     0.024986690573465985,
     0.01686291895588457,
     3.3306690738754696e-16
    ],
    "gold": [
     0.15733361242044885,
     0.20476389791544153,
     0.2424999370769306,
     0.2848563421588124,
     0.3165804922295516,
     0.3418564894887824,
     0.348757344052691,
     0.38289195776411317,
     0.43191456441769227,
     0.49169892167266577
    ],
    "gold_sd": [
     0.12422255343211874,
     0.11410817316301168,
     0.1092349692518625,
     0.11757473181638772,
     0.10650155576286473,
     0.11026586765358762,
     0.09476180851012936,
     0.08780831501526183,
     0.07684093457211023,
     1.6653345369377348e-16
    ],
    "prompts": 8
   }
  }
 },
 "qwen_lora": {
  "panel": [
   "siglip_frozen",
   "siglip_tuned",
   "siglip_tuned_v2",
   "qwen_zs",
   "gpt4o"
  ],
  "arms": {
   "broad": {
    "N": [
     1,
     2,
     4,
     8,
     16,
     32,
     64
    ],
    "proxy": [
     0.35506091149999996,
     0.44614290300000004,
     0.5316660513333333,
     0.6053903255833333,
     0.6802871406666666,
     0.7500210561666667,
     0.8143962559166666
    ],
    "proxy_sd": [
     0.027933994541514084,
     0.026109038514059716,
     0.024376315163584638,
     0.023261554795928698,
     0.021136183072660623,
     0.017426959846387657,
     0.008125045197261241
    ],
    "gold": [
     -0.09336586827038279,
     -0.033678893635367343,
     -0.0063355069881489146,
     0.0004436399191736984,
     -0.0027865025472084866,
     -0.02442250669439083,
     -0.03139731110095242
    ],