{
 "siglip_frozen": {
  "panel": [
   "qwen_lora",
   "qwen_zs",
   "gpt4o"
  ],
  "arms": {
   "broad": {
    "N": [
     1,
     2,
     4,
     8,
     16,
     32,
     64
    ],
    "proxy": [
     0.6129639232629595,
     0.6734535079325834,
     0.7112773740495354,
     0.7376323005697898,
     0.7537389809439998,
     0.7648554605582966,
     0.7728136134228142
    ],
    "proxy_sd": [
     0.021602057736467516,
     0.015617286438435905,
     0.010451764907584019,
     0.0057568144026303595,
     0.0035953098279088735,
     0.0019473638518818818,
     2.220446049250313e-16
    ],
    "gold": [
     -0.08895261312411491,
     -0.02290804703021477,
     0.034516916144699566,
     0.06680521648303253,
     0.07798489759651868,
     0.07224575196432918,
     0.07506191495984828
    ],
    "gold_sd": [
     0.08130066725641225,
     0.07268676338858096,
     0.06090721887291744,
     0.06434020483430578,
     0.060180108476071824,
     0.04791587897985493,
     1.3877787807814457e-17
    ],
    "prompts": 40
   }
  }
 },
 "siglip_tuned": {
  "panel": [
   "qwen_lora",
   "qwen_zs",
   "gpt4o"
  ],
  "arms": {
   "broad": {
    "N": [
     1,
     2,
     4,
     8,
     16,
     32,
     64
    ],
    "proxy": [
     0.4552393054437823,
     0.5405552320470033,
     0.6205698487470724,
     0.6965906427065459,
     0.7591198074344053,
     0.8132560074897616,
     0.8573846024021449
    ],
    "proxy_sd": [
     0.03602861855383173,
     0.03670739574241707,
     0.03245352164046501,
     0.02461209162806023,
     0.022593287395560577,
     0.016153256081431894,
     3.3306690738754696e-16
    ],
    "gold": [
     -0.08491388223510456,
     -0.08872004627920099,
     -0.08160362457464226,
     -0.058271407342136046,
     -0.021100120996081793,
     0.008885206650492583,
     -0.027724569225803682
    ],
    "gold_sd": [
     0.07124235802665002,
     0.07261869967207896,
     0.07447530148123178,
     0.06786765063413293,
     0.061187644668833724,
     0.052314686164328106,
     3.469446951953614e-18
    ],
    "prompts": 40
   }
  }
 },
 "siglip_tuned_v2": {
  "panel": [
   "qwen_lora",
   "qwen_zs",
   "gpt4o"
  ],
  "arms": {
   "broad": {
    "N": [
     1,
     2,
     4,
     8,
     16,
     32,
     64
    ],
    "proxy": [
     0.3592265542184199,
     0.47095880875543067,
     0.5678524743653678,
     0.6523999936253584,
     0.7195169411499733,
     0.7777255946304935,
     0.8229159203305692
    ],
    "proxy_sd": [
     0.0343779615966598,
     0.03381556723395942,
     0.026778263877861478,
     0.02578002386749965,
     0.019364627781981534,
     0.013459928627681823,
     0.0
    ],
    "gold": [
     -0.09486351990900173,
     -0.06687688972920805,
     -0.04204685557994068,
     -0.00667833863062986,
     0.013221374755137332,
     0.010779225761486577,
     0.021713058954176176
    ],
    "gold_sd": [
     0.07458240930012981,
     0.07646071272428946,
     0.07354459527655541,
     0.06194098951528729,
     0.07098710371184659,
     0.053262685576928356,
     0.0
    ],
    "prompts": 40
   }
  }
 },
 "qwen_lora": {
  "panel": [
   "siglip_frozen",
   "siglip_tuned",
   "siglip_tuned_v2",
   "gpt4o"
  ],
  "arms": {
   "broad": {
    "N": [
     1,
     2,
     4,
     8,
     16,
     32,
     64
    ],
    "proxy": [
     0.3554999203333333,
     0.44496447783333326,
     0.5293853085833333,
     0.6048305894166667,
     0.681990682,
     0.7485303811666666,
     0.8151206145833334
    ],
    "proxy_sd": [
     0.027909995828124597,
     0.027665974296533766,
     0.02402870047803181,
     0.0224905494663058,
     0.020866080996398115,
     0.017926774745215122,
     0.008261920125684682
    ],
    "gold": [
     -0.12039039136330829,
     -0.04857649100785592,
     -0.009337759199766265,
     -0.0013677094473167942,
     -0.01170304743898094,
     -0.03247723608245458,
     -0.04474219727450086
    ],
    "gold_sd": [
     0.06499244838696358,
     0.05881507418996511,
     0.06194077748249386,
     0.05687948875522974,
     0.054732924469735524,
     0.05400573496900757,
     0.03482095539879651
    ],
    "prompts": 40
   },
   "deep": {
    "N": [
     1,
     2,
     4,
     8,
     16,
     32,
     64,
     128,
     256,
     512
    ],
    "proxy": [
     0.476727205,
     0.5619329295833334,
     0.62693942,
     0.6837593537500001,
     0.7389047120833334,
     0.7851376341666667,
     0.8340734870833333,
     0.8871347529166667,
     0.9274855695833333,
     0.962267125
    ],
    "proxy_sd": [
     0.05734493765022673,
     0.04487017003334326,
     0.03754592123972373,
     0.0358469940086598,
     0.036696852623958796,
     0.041653177580208124,
     0.04089159467450174,
     0.033850973189889944,
     0.023639235842276556,
     0.0
    ],
    "gold": [
     0.12329293601119863,
     0.1520242200566966,
     0.18041894671953826,
     0.18028557450477511,
     0.17360703324665985,
     0.16020038564356176,
     0.11926599891731471,
     0.04255075634443551,
     0.0002597900620815848,
     0.061248238227584795
    ],
    "gold_sd": [
     0.1281463037375996,
     0.11293033986022057,
     0.12038919095599175,
     0.12978994222575332,
     0.1384670379334606,
     0.1608769062675964,
     0.17045266860654074,
     0.17973419653288303,
     0.15773106106484744,
     0.05297407433322819
    ],
    "prompts": 8
   }
  }
 },
 "qwen_zs": {
  "panel": [
   "siglip_frozen",
   "siglip_tuned",
   "siglip_tuned_v2",
   "gpt4o"
  ],
  "arms": {
   "broad": {
    "N": [
     1,
     2,
     4,
     8,
     16,
     32,
     64
    ],
    "proxy": [
     0.3503333333333334,
     0.37359166666666666,
     0.3902083333333334,
     0.39625,
     0.397925,
     0.39873333333333333,
     0.39999999999999997
    ],
    "proxy_sd": [
     0.0075397096908450135,
     0.005465415253106473,
     0.003981511089467865,
     0.0020361319538117757,
     0.001102364882120859,
     0.0012498888839501793,
     5.551115123125783e-17
    ],
    "gold": [
     -0.11229612607298733,
     -0.1032681070051434,
     -0.10023092273043702,
     -0.09476627583243839,
     -0.09961494561443847,
     -0.08847764201817504,
     -0.07114141109507861
    ],
    "gold_sd": [
     0.06396927390777198,
     0.06192373583441547,
     0.0626269486745906,
     0.06456103838898455,
     0.0632947015205455,
     0.06803349406736761,
     0.05916945668186249
    ],
    "prompts": 40
   }
  }
 },
 "gpt4o": {
  "panel": [
   "siglip_frozen",
   "siglip_tuned",
   "siglip_tuned_v2",
   "qwen_lora",
   "qwen_zs"
  ],
  "arms": {
   "broad": {
    "N": [
     1,
     2,
     4,
     8,
     16,
     32,
     64
    ],
    "proxy": [
     0.7793166666666668,
     0.810825,
     0.8338,
     0.8512916666666667,
     0.8669916666666667,
     0.8817499999999999,
     0.8949999999999996
    ],
    "proxy_sd": [
     0.011996168369756888,
     0.00974928416175602,
     0.00788838809052058,
     0.007098879997733595,
     0.006021829502365173,
     0.005170025789748697,
     3.3306690738754696e-16
    ],
    "gold": [
     -0.14263470032358447,
     -0.10768733347065336,
     -0.0926787102493685,
     -0.07655703992734847,
     -0.06348721380672595,
     -0.04865489518366226,
     -0.03831606379386566
    ],
    "gold_sd": [
     0.05699883180141636,
     0.05721337353161239,
     0.056461329462794155,
     0.05793421942659669,
     0.05671985136494799,
     0.052655109206701786,
     0.04499527154645034
    ],
    "prompts": 40
   }
  }
 }
}