{
 "j3_siglip_frozen": {
  "auc_vs_competitor": 0.7252659574468086,
  "auc_vs_masked": 0.7210169207572458,
  "auc_vs_clean": 0.7753118121790169,
  "auc_temporal_vs_competitor": 0.6627307185234015,
  "logo_delta": 0.00424903668956278,
  "det_fpr_target": 0.05,
  "det_fpr_realized": 0.05053191489361702,
  "det_at_5fpr": {
   "composition/s1": 0.06666666666666667,
   "composition/s2": 0.08888888888888889,
   "composition/s3": 0.08888888888888889,
   "mood/s1": 0.0,
   "mood/s2": 0.16666666666666666,
   "mood/s3": 0.2,
   "palette/s1": 0.044444444444444446,
   "palette/s2": 0.044444444444444446,
   "palette/s3": 0.03333333333333333,
   "styling/s1": 0.0,
   "styling/s2": 0.13333333333333333,
   "styling/s3": 0.2,
   "typography/s1": 0.16,
   "typography/s2": 0.16,
   "typography/s3": 0.12
  },
  "dial_spearman_mean": -0.03428571428571429,
  "dial_spearman_sd": 0.6679199104703506,
  "dial_frac_positive": 0.45,
  "ece": 0.06567531663147526
 },
 "j1_rules": {
  "auc_vs_competitor": 0.5894048303622772,
  "auc_vs_masked": 0.5498617858937845,
  "auc_vs_clean": 0.6332997065297139,
  "auc_temporal_vs_competitor": 0.5250741595253791,
  "logo_delta": 0.03954304446849266,
  "det_fpr_target": 0.05,
  "det_fpr_realized": 0.05053191489361702,
  "det_at_5fpr": {
   "composition/s1": 0.07777777777777778,
   "composition/s2": 0.24444444444444444,
   "composition/s3": 0.34444444444444444,
   "mood/s1": 0.0,
   "mood/s2": 0.06666666666666667,
   "mood/s3": 0.0,
   "palette/s1": 0.08888888888888889,
   "palette/s2": 0.08888888888888889,
   "palette/s3": 0.12222222222222222,
   "styling/s1": 0.0,
   "styling/s2": 0.0,
   "styling/s3": 0.0,
   "typography/s1": 0.0,
   "typography/s2": 0.0,
   "typography/s3": 0.0
  },
  "dial_spearman_mean": 0.01333333333333333,
  "dial_spearman_sd": 0.6788438884922738,
  "dial_frac_positive": 0.45,
  "ece": 0.030354655158409193
 },
 "j3_siglip_tuned": {
  "auc_vs_competitor": 0.9896851638872916,
  "auc_vs_masked": 0.9889428715027643,
  "auc_vs_clean": 0.9764077402787967,
  "auc_temporal_vs_competitor": 0.9928394858272908,
  "logo_delta": 0.0007422923845272766,
  "det_fpr_target": 0.05,
  "det_fpr_realized": 0.0425531914893617,
  "det_at_5fpr": {
   "composition/s1": 0.08888888888888889,
   "composition/s2": 0.08888888888888889,
   "composition/s3": 0.16666666666666666,
   "mood/s1": 0.0,
   "mood/s2": 0.06666666666666667,
   "mood/s3": 0.1,
   "palette/s1": 0.1,
   "palette/s2": 0.05555555555555555,
   "palette/s3": 0.05555555555555555,
   "styling/s1": 0.0,
   "styling/s2": 0.03333333333333333,
   "styling/s3": 0.13333333333333333,
   "typography/s1": 0.013333333333333334,
   "typography/s2": 0.013333333333333334,
   "typography/s3": 0.06666666666666667
  },
  "dial_spearman_mean": 0.24095238095238097,
  "dial_spearman_sd": 0.5901773437299624,
  "dial_frac_positive": 0.6833333333333333,
  "ece": 0.035237731002141046
 },
 "j3_siglip_tuned_v2": {
  "auc_vs_competitor": 0.9753594019551466,
  "auc_vs_masked": 0.9701164349137209,
  "auc_vs_clean": 0.9395634629493764,
  "auc_temporal_vs_competitor": 0.9828279499011207,
  "logo_delta": 0.0052429670414256835,
  "det_fpr_target": 0.05,
  "det_fpr_realized": 0.0425531914893617,
  "det_at_5fpr": {
   "composition/s1": 0.05555555555555555,
   "composition/s2": 0.05555555555555555,
   "composition/s3": 0.07777777777777778,
   "mood/s1": 0.0,
   "mood/s2": 0.06666666666666667,
   "mood/s3": 0.16666666666666666,
   "palette/s1": 0.5444444444444444,
   "palette/s2": 0.8222222222222222,
   "palette/s3": 0.8555555555555555,
   "styling/s1": 0.03333333333333333,
   "styling/s2": 0.1,
   "styling/s3": 0.1,
   "typography/s1": 0.49333333333333335,
   "typography/s2": 0.56,
   "typography/s3": 0.6
  },
  "dial_spearman_mean": 0.45142857142857157,
  "dial_spearman_sd": 0.5441288362843771,
  "dial_frac_positive": 0.7833333333333333,
  "ece": 0.035598849527224405
 },
 "j2_gpt4o": {
  "auc_vs_competitor": 0.7575761932144911,
  "auc_vs_masked": 0.6926411459205897,
  "auc_vs_clean": 0.7117686170212766,
  "auc_temporal_vs_competitor": 0.8282506591957811,
  "logo_delta": 0.06493504729390143,
  "det_fpr_target": 0.05,
  "det_fpr_realized": 0.031914893617021274,
  "det_at_5fpr": {
   "composition/s1": 0.2,
   "composition/s2": 0.35555555555555557,
   "composition/s3": 0.37777777777777777,
   "mood/s1": 0.03333333333333333,
   "mood/s2": 0.03333333333333333,
   "mood/s3": 0.36666666666666664,
   "palette/s1": 0.06666666666666667,
   "palette/s2": 0.1111111111111111,
   "palette/s3": 0.2111111111111111,
   "styling/s1": 0.03333333333333333,
   "styling/s2": 0.06666666666666667,
   "styling/s3": 0.5,
   "typography/s1": 0.09333333333333334,
   "typography/s2": 0.10666666666666667,
   "typography/s3": 0.13333333333333333
  },
  "dial_spearman_mean": 0.11383503640140043,
  "dial_spearman_sd": 0.4426946659019318,
  "dial_frac_positive": 0.45,
  "ece": 0.17225201072386057
 },
 "j2_gemini": {
  "auc_vs_competitor": 0.8621043248883993,
  "auc_vs_masked": 0.8161727456940223,
  "auc_vs_clean": 0.7421022201665125,
  "auc_temporal_vs_competitor": 0.8737567075107404,
  "logo_delta": 0.04593157919437696,
  "det_fpr_target": 0.05,
  "det_fpr_realized": 0.023936170212765957,
  "det_at_5fpr": {
   "composition/s1": 0.16666666666666666,
   "composition/s2": 0.34444444444444444,
   "composition/s3": 0.36666666666666664,
   "mood/s1": 0.1,
   "mood/s2": 0.1,
   "mood/s3": 0.43333333333333335,
   "palette/s1": 0.06666666666666667,
   "palette/s2": 0.03333333333333333,
   "palette/s3": 0.13333333333333333,
   "styling/s1": 0.1,
   "styling/s2": 0.3333333333333333,
   "styling/s3": 0.5666666666666667,
   "typography/s1": 0.10666666666666667,
   "typography/s2": 0.05333333333333334,
   "typography/s3": 0.10666666666666667
  },
  "dial_spearman_mean": 0.17103343383261077,
  "dial_spearman_sd": 0.5360507909837574,
  "dial_frac_positive": 0.45,
  "ece": 0.07065948855989237
 },
 "j2b_qwen_zeroshot": {
  "auc_vs_competitor": 0.5303047728579644,
  "auc_vs_masked": 0.5316635952420841,
  "auc_vs_clean": 0.5313646368305209,
  "auc_temporal_vs_competitor": 0.5198170731707317,
  "logo_delta": -0.0013588223841196623,
  "det_fpr_target": 0.05,
  "det_fpr_realized": 0.0,
  "det_at_5fpr": {
   "composition/s1": 0.0,
   "composition/s2": 0.12222222222222222,
   "composition/s3": 0.18888888888888888,
   "mood/s1": 0.0,
   "mood/s2": 0.0,
   "mood/s3": 0.0,
   "palette/s1": 0.0,
   "palette/s2": 0.0,
   "palette/s3": 0.0,
   "styling/s1": 0.0,
   "styling/s2": 0.0,
   "styling/s3": 0.0,
   "typography/s1": 0.0,
   "typography/s2": 0.0,
   "typography/s3": 0.0
  },
  "dial_spearman_mean": -0.017103312332535623,
  "dial_spearman_sd": 0.19121877408978072,
  "dial_frac_positive": 0.05,
  "ece": 0.2021447721179625
 },
 "j3b_qwen_lora": {
  "auc_vs_competitor": 0.9749101495112134,
  "auc_vs_masked": 0.9288616183615346,
  "auc_vs_clean": 0.9473931584739546,
  "auc_temporal_vs_competitor": 0.9848096572181938,
  "logo_delta": 0.04604853114967877,
  "det_fpr_target": 0.05,
  "det_fpr_realized": 0.047872340425531915,
  "det_at_5fpr": {
   "composition/s1": 0.14444444444444443,
   "composition/s2": 0.2,
   "composition/s3": 0.18888888888888888,
   "mood/s1": 0.06666666666666667,
   "mood/s2": 0.13333333333333333,
   "mood/s3": 0.2,
   "palette/s1": 0.08888888888888889,
   "palette/s2": 0.07777777777777778,
   "palette/s3": 0.07777777777777778,
   "styling/s1": 0.03333333333333333,
   "styling/s2": 0.06666666666666667,
   "styling/s3": 0.16666666666666666,
   "typography/s1": 0.12,
   "typography/s2": 0.12,
   "typography/s3": 0.06666666666666667
  },
  "dial_spearman_mean": 0.13273323400567286,
  "dial_spearman_sd": 0.6002285263690627,
  "dial_frac_positive": 0.55,
  "ece": 0.03184160455764076
 }
}